id,text
1463214161169567744,"I refuse to think this is cultural, this is just straight up evil. To these officials, have some shame for once."
1463212768916480005,Im so soft for this huhu ğŸ¥ºğŸ¥º
1463240325632249857,"So basically, he died with covid. Not of covid."
1463222298412937216,good morning to addam from xenoblade chronicles ii: torna: the golden country expansion dlc
1463222606996201478,yâ€™all r lucky I donâ€™t have a capture card for my switch yâ€™all do not wanna watch me play xenoblade I promise
1463118214242742274,"""Hah!"", Jerry thought to himself. ""I look foot"""
1463223462466441219,hey quick question WHAT
1463232080289189891,Uh
1463081691048660994,Yes kudos to the people behind this wonderful concept.. BGYO GELO CONCEPT ART #BGYOkundiman @bgyo_ph
1463209551579467777,ratio is 3 wins over 5 AOTY noms omg
1463180009644961798,17:17 OZ Tix Cutie ğŸ‘‰ğŸ‘ˆğŸ˜…
1463141595763679239,lo que hay que hacer para que te retiren una demanda #CarlotaFraude
1463237927874539520,"Esta tipa no sabe que hacer para sobresalir y seguir teniendo su silla en sÃ¡lvame, lo mismo habla por â˜ï¸ con Dolores VÃ¡zquez que ahora dice que apoya a Olga. #CarlotaFraude"
1463220493037842433,Listen to her lmfao what the hell do you mean?
1463092638001754115,tamah walang maleh ms. quincy ğŸ˜­
1462981837135900678,"Grocery scammers seem to be targeting opposition figures. Yesterday, someone ordered P100k worth of Metromart groceries under the name of presidential bet and VP Leni Robredo on a cash on delivery basis. The items have been returned and the riders were not charged. | @maracepeda"
1463078981737979905,hala gagi kinuha akong ninang nung tomboy kong kaklase ğŸ˜­ğŸ˜­ğŸ˜­ğŸ˜­
1463084577367330817,sorry pOhğŸ¥ºğŸ¥ºğŸ¥ºğŸ¥ºğŸ¥ºğŸ¥ºğŸ¥ºğŸ¥ºğŸ¥ºğŸ¥º
1463079913611665410,Kabado bente #RushHour #MONSTAX #ëª¬ìŠ¤íƒ€ì—‘ìŠ¤ @OfficialMonstaX
1463082275495546888,"""My gf won't knaurrrrr"" asdhfkdk"
1463240589982453763,Definitivamente YouTube me odia. Directo desmonetizado! Extracto del directo desmonetizado. Eso sÃ­ gracias por monetizarme el video de Juanca que generarÃ¡ 2 euros jajajaja!
1463244365149741060,"Pues vaya con YouTube, a un tÃ­o como tu que nos haces reÃ­r y ser felices te desmonetizan tus directos y a otros que solo saben dar pena y dar puyitas sibilinamente hasta le premian, el mundo al revÃ©s, vamos!!!ğŸ¤¦â€â™€ï¸ğŸ˜˜ğŸ˜˜ğŸ˜˜"
1463098903725690885,down parrehhh ğŸ‘€ğŸ¤£
1463082486242713606,"OK, cards on the table. I'm not a legal expert, so I can't tell you whether or not Kyle Rittenhouse broke the law. But I can tell you this. If he didn't break the law, we should change the law. -Stephen Colbert"
1463242653215215617,Colbert has a security squad of probably a dozen dudes with guns. He has no business commenting on self-defense.
1463049539598708736,Hmmm ate hazel haha #DeannaWong | Deanna Wong
1463049869896077312,Wag tawa admin rufa ambag #DeannaWong| Deanna Wong
1463226783789027329,JUST GOT SHIPMENT NOTIF FOR THE SIGNORA COSPLAY WHATS GOOD YALL
1463240279956209664,Yessss
1463145975493521411,What fcukery is this now? Is there nothing she won't try? ğŸ¤­ğŸ¤­ğŸ¤­
1463165774483369994,The thing about the Turkey day games is this to me: Why would you not want your best teams playing on a day everybody is watching?
1463081050754596865,ğŸ˜­ğŸ˜­ğŸ˜­
1461860336458289154,"Media is obviously unfair about BBM and Duterte, halatang they were controlled by oligarchs."
1461869905331036161,#BBM2022 âœŒğŸ»ğŸ‡µğŸ‡­
1461888475377008640,BOY SINGHOTğŸ˜‚ğŸ˜‚ğŸ˜‚
1462557074747969543,ğŸ¤£ğŸ˜³ğŸ˜
1463080333604175874,"""did you fart?"" ğŸ˜­ #jirisan"
1463080788346376201,HAHAHAHHAHAHAHAHA ğŸ¤£ğŸ¤£
1463081086234202114,nanisi agad HAAHAHHAHA
1463270401698500611,ğŸ˜­ğŸ˜­ğŸ˜­
1463204561661816832,The record and song that broke their records all was not nominated ğŸ™„ Gram/myâ€™s such a disappointment wbk
1463195890554863628,oct libra cuties
1463194508087099394,HAHAHAHAHAHAHAHAHAHHAHAHAJA pota same struggle
1463190542255214596,this is why they're deprived of content they somehow deserved it
1463196770519826434,yeah ikr ğŸ˜”
1463195076016758784,16 VIEWS ğŸ¤£ğŸ¤£ğŸ¤£ the 16 views: lou
1463195860590727174,STFUU just wanted to recommend it bc itâ€™s rlly good
1463163669697683460,Pusa mo yan dai?
1463184676630134789,Lakas mo maka krist dyan. Haha
1463192571782758400,nanonood piii
1463183125861699586,6AM ğŸ˜­ğŸ˜­ğŸ˜­ğŸ˜­
1463201121082789897,Minkiaaaa io me lo sono sognata stanotte... A una festa.. Porca troia.. Posso dirlo???
1463201796873142278,Devi ahahah
1463746712699383808,Coooosa? Dove lo hai letto?
1463754948840148992,Ig! Ti mando il link
1463201953291419659,Minkia che culo sta bambina
1463193680118910976,ibigay kay cardi b â€˜yang trabaho niya HAHAHAHHAHA
1463664092065898500,LOLğŸ˜†ğŸ˜‚
1463180462717767680,lagi nalangğŸ˜­
1463208714475753475,True hahshaha
1463168450960969736,im going insane everything about them looks promising i already have 3 biases wtf jfdjdkdjs the performances videos IM A CRYING MESS THEYRE SO GOOD ğŸ˜­ğŸ˜­ğŸ˜­
1463178864234930176,"yes xh!!! ğŸ˜­ğŸ˜­ gaon, jooyeon and gunil caught my eye first i cant wait to see more from them!! and i love their sound already?? looks promising"
1463182855618527239,PLEASE their vocals ğŸ¥² what im looking forward to the most!! love the way they introduced the members too
1463185633443479553,yung cabbage diba round yun
1463055689769963521,LOOK: Presidential aspirant Ferdinand Marcos Jr.â€™s negative cocaine test result. Marcos took the drug test following President Rodrigo Duterteâ€™s claim that a presidential bet is a cocaine-user. (ğŸ“¸Marcos chief-of-staff Vic Rodriguez) | @DYGalvezINQ
1463171785621446664,- very good 5 points - pake mo @03spicyzz
1463172536456392708,- himala - @kixrubyjane tuloy mo daw be
1463177555897307136,ok that's it for my TEDtalk
1463168607987372041,markk
1463168985831288832,sha yong nakagreenn
1462834623252209668,"If you're seeing some lunacy about a person of interest who was detained re: Waukesha, here's a brief window into how the right-wing disinfo machine works. It starts with Andy Ngo, of course. First, another reporterâ€”not Andyâ€”does the actual work of finding the POI's record. 1/x"
1462834633930944514,That seems quite damning! What Ngo doesn't say is that the FB post was from a cop (who was later fired) and bragged about being able to get away w/running over protesters b/c of the privileges afforded members of law enforcement Not the same thing! 5/x twincities.com/2016/02/17/stâ€¦
1463164067598716934,"So, to clarify, the suspect did post about running people over. Good to know."
1463166194551341064,"Literally pointing out his appearance is racist now? Come on. Theyâ€™re flagrantly guilty, but donâ€™t bring race into it."
1463163392898879489,Thatâ€™s just a lie. He posted pictures of a watermelon carved into the BLM fist.
1463175936711577604,ilang minutes? ğŸ™„
1463169524463718409,"help me choose ğŸ˜– 1, 2, 3, or 4??"
1463314127300952066,TOTOOOOOO
1463184754606755841,yes tamah
1462689539533725700,ğŸ§‹ğŸ§‹ğŸ§‹ didnâ€™t know that boba emoji exists!! ğŸ˜‚
1463189498909663236,Disgruntled ANC voters are easy to spot. ğŸ¤£ğŸ¤£
1463159973828083717,hOY TOTOO SO MUCH AHAHAHAHAHA
1463188607632437255,who....SINO HUH
1463190138368913409,HAHAHAHAHAHHA HE MESSAGED ME 3 MINS AGO
1463260070989512710,awit ate yubg akin andun naaalikabokâ€™sn HAHAHAHAHAHAHKSHAKAHK
1463172416570638353,Ano muna walGAS petron bayunğŸ¤£
1463125369511288835,minsan âœŒ HAHAHAHAHAHAHA CAPRI
1463166740234481666,ugali huh
1463165161599123460,TAMA TAMA TAMA ğŸ˜­
1463168476613431306,I love you ğŸ¥ºğŸ¤
1463169835056222212,sobrang cuteğŸ˜­ğŸ˜­ğŸ˜­ğŸ˜­ğŸ˜­ğŸ˜­ğŸ˜­
1463005031783874567,The fucking president of the United States did
1463123720885702664,Is Joe Biden a reporter lol
1463163798320263172,Do you seriously not see the echo chamber that goes on between Biden and the MSM?
1463147631283032068,I will wait for St. Lukes OFFICIAL STATEMENT than making mere speculation regarding with BBM drug test result. It is unfair to be one sided. Yes! He lied about his credentials but letâ€™s wait for St. Lukes ğŸ˜Š to prove that it is fake or not.
1463883388914339845,"Bsta Leni Supporter, bulok!"
1463886115706851335,"Basta BBM tards, bobo! ğŸ’ğŸ»â€â™€ï¸"
1463203904124981253,:(
1463157371241476099,"Thank you so much for the TP and support you have showered this afternoon, dAndifam, Brownies, KoDrea fam. Really appreciate the overflowing love you guys give everyday. Gonna continue making all of you proud. Xoxo ğŸ’“âœ¨ KODREA SAYINGGOODBYE MCON #KoDreaSGMediaCon #SayingGoodbye"
1463111731966726145,short hair or curly hair sksksks
1463164969487323145,spoti rp ak blm premiyum. udah dua bulan egk bayar. bismillah ada yg peka
1463139871451594756,"Boleh nder, aku mau ğŸ¥º"
1462952138904989700,I don't care about those cases because it has been almost 30 years dragging down the people who saved the Philippines from Communists and Rebellions. Did the yellowshit win once out of the cases? Nope
1463138821688606722,what was my icon when we became moots?
1463089428667121666,"For tonight's pahavs, simply reply to this tweet pogi pics of Louie taken from your tv screen while watching TWBU! Use the official HT and tagline. More entries, more chances of winning! @aldenrichards02 #TWBUSurfaceTension ALDENxTWBU NewDay"
1463150327884963843,feeling ko may ida-drop mamaya.ğŸ¤­
1463130329904910341,Take good care of yourselves besties â™¥â™¥
1462988170912436228,"READ: Here's the full statement of presidential aspirant Ferdinand ""Bongbong"" Marcos Jr. after taking the drug test. | via @jacquemanabat"
1462988809918763015,"LOOK: Marcos camp spokesperson Atty. Vic Rodriguez submits the presidential aspirantâ€™s drug test result to PDEA, NBI, & PNP. | via @jacquemanabat (ğŸ“·: BBM Camp)"
1462990406107291651,FULL STORY: Marcos says he took drug test after Duterte cocaine blind item bit.ly/3DLZ2Ps
1463055440082653186,LOOK: Drug test report of presidential aspirant Bongbong Marcos shows he is negative for cocaine. (ğŸ“·: Marcos camp) #Halalan2022 | via @jacquemanabat
1463292040364847105,TAMAH YAN ğŸ¤©
1462983608545656840,BBM speaks up on Duterteâ€™s â€˜blind itemâ€™ that a presidential aspirant is a cocaine user. #TheFilipinoVotes | @RexRemitio
1462989527853649925,"LOOK: Bongbong Marcosâ€™ chief-of-staff Atty. Vic Rodriguez submits the presidential aspirantâ€™s negative drug test result to the National Bureau of Investigation, Philippine Drug Enforcement Agency | @RexRemitio"
1463135663554183170,LOOK: Bongbong Marcos also took shabu and marijuana drug tests last November 10 as a requirement for him to get a permit to carry firearms outside residence. His results are negative | @RexRemitio ğŸ“¸ Marcos Media Bureau
1462768149950992385,"Join our senior anchor @RicoHizon now on #TheFinalWord. ğŸ’» Facebook bit.ly/3l13Ucf ğŸ“± Live stream cnn.ph/1LXc9jG ğŸ“º Free TV ch. 9, Cignal ch. 10, Sky Cable ch. 14"
1463132790455939073,"BOSES Pilipinas Convenor Imelda Deinla: Based on our survey, we found that many of our Filipino youths who are of voting age are very susceptible to fake news and they canâ€™t distinguish between fake news and real news."
1463132947239018498,"RELATED: Certain segments of the Filipino youth were found to be more likely to fall for misleading or false information, according to a survey led by the Ateneo School of Government. cnnphilippines.com/news/2021â€¦"
1463133026339409920,"Deinla: Normally, most of this fake news are mimicking new from media outlets. They tweak quote cards released by mainstream media and they use this to serve their own purpose"
1463133054965514241,Deinla: Prolonged exposure to fake news lowers capacity to detect fake news
1463133102503776256,"Deinla: It is the responsibility of social media companies to detect, combat fake news... We really need the help of social media companies"
1463133698409508864,"Deinla: We are seeing the continuing misinformation, disinformation. Especially during this time, it is important for social media companies to assist the country that we minimize the proliferation of fake news during election time."
1463133734602153984,"Deinla: Itâ€™s not just the responsibility of Comelec to combat fake news. We expect, as well, the candidates not to spread fake news."
1463125857816383488,Grab your copies now! ğŸ˜ƒ
1463149328847966214,@Ravindr26565736
1463150384537423876,mali
1463129492440817664,"to conclude my defense, YOU HAVE NO ENOUGH evidence to call us ""UNANG MANG-ASAR"" nor our TWEETS. that's what i wanted to present ESSA!!"
1463130759347064839,pilitin nyo koğŸ‘
1463131346222542855,TANGINAğŸ˜­ğŸ˜­ğŸ˜­
1463135166524628994,"age doesn't matter with respect, it goes both sides bae, it's voluntarily given, not forcedğŸ‘"
1463162023525724189,parang long flight yung kay johnny???
1463135058592628737,Anyway he's cute ğŸ˜’
1463135197415686148,apaka
1463135307516108801,"babe, im so rupok lamoyarn haha chos"
1463114359144534017,uy nu to
1463130786974949377,whyket
1463130087306395652,I just received the pins I ordered for my sweaters. Huhu Comfy outfit but with a Bangtan touch ğŸ¥ºğŸ’œ #BTS #BTSARMY #TriviaLove
1463131548782190592,Omg gandaaaa!!
1463134277567012864,Iâ€™ll DM you the links!
1463135461400985604,be a preschool teacher for a day
1463126475398279169,TANGINA
1463152328089944075,ok lng yanğŸ˜ƒ
1463131497905500174,Pag may hepa kap ganyan dapat para gumaling
1463122973611548679,Pede palaKskskskkks
1463335866915438595,meron yan!!!! huhuhu pagdasal natin ğŸ™
1463131794832642057,huy HAHAHAHA as a vito stan i agree ğŸ˜­âœ‹
1463109063428870144,Gud eveninggg
1463109933143314434,g eve
1463133579148283912,WOW IRI.
1463133818613686279,bner
1463116118269173764,medyo
1463119000263864324,wag nalang tayo huminga
1463299726770532352,Uie beke nemen dibah HAHAHAHAHAH ğŸ‘‰ğŸ‘ˆ
1463134594803195913,(2)
1463135251232747528,omg same ğŸ˜­ğŸ˜­ğŸ˜­
1463107372436520964,ulol
1463117964316590080,mali mali 'yung tanong 3 ampota
1463367753616687106,kasalanan talaga nung site
1463098012670971904,Ahem. I want this. Huhuhu. ğŸ¥°
1463104945314357249,Not this one that says â€œall kyungsoo lovers clubâ€! ğŸ¥°ğŸ˜
1463127690735542272,Hahahaha basta happy blocking ğŸ¥° @SB19Official
1463118985109532677,SATRUU WHAUUAHAHAUAUAUAHAHAHA HAGAGGA
1463119969927917575,luh dami mong jowa tsk tsk
1463001344416133123,I never understand why our government always take the public transport drivers so lightly because Batswana ended up being the ones suffering.
1463090238306373632,never knew college applications would be thiss hard :')) i j wanna cri
1462997224632176646,Tara kila Chachi HAHAHAHA
1462783814728437760,kudos to OVP for this
1463109502773858312,ğŸ•¯ManifestinggggğŸ•¯
1463091480520654853,dasurb
1463110850256900103,draw ko after 7 min
1463299942450368515,Hehehe
1463096518743760897,BAT LASING YUNG TATLO ğŸ˜­ @Namm_luvsMatcha @nijeongzeeu @sunoofave
1462994230469484545,"okay, I'll def buy season's greetings ğŸ’€"
1453679088472756226,Harbor Square
1463122067046354951,arog kaan. may initiative.
1463089595055108096,ITULOG MO NLNG YAN EVEâœŠ
1463100260092362752,Mew maipit hehee be careful MEW SUPPASIT #SPACEMAN #DROWNING #MewSuppasit #à¸¡à¸´à¸§à¸¨à¸¸à¸ à¸¨à¸´à¸©à¸à¹Œ @MSuppasit
1463103198819131392,ano maipit dayğŸ˜‚ğŸ˜‚ğŸ˜‚
1462895030272598018,"Good night. Comfy yung pajamas. Also, had to hide my belly hahahahaha"
1463082747522473993,yung nip(s?)ğŸ¥ºğŸ¥º
1463085071343046658,laaaaah.
1463011399685185538,Thank you SB for the bday treat. â˜ºï¸
1463090528564625410,Sean Bautista hahahaha
1463243276740284420,ROR ROR ROR HAHAHAAHAHAHAHAHAHAHAHAHAHAHAHAHAHAHAHA MYGOSH UNO AND SUNNY ğŸ˜­ğŸ˜­ğŸ˜­
1463102475527876608,The homophobia eme
1463090055581515780,"who protect from day one and still do @tellemjaye,family,friends who hate,bash him.all what he do or not,his life,career,friends,when his was with @hello_nadine,all about soulmate,cheating,break up,link all girls..nadine have bf his is good but james is bad.her fan fake jadine"
1463107450563805185,Same :)
1463108231958450178,Ayy nginatngat ko ata yan nung birthday ko akala ko pulutan HAHAHAHAHA CHAROT
1463109243158949892,Sorry akala ko chicken eh ğŸ˜­ğŸ˜­
1462986996024938502,nilalamig kamay ko
1463079343861616641,ğŸ¥ºğŸ¥ºğŸ¥º
1463102555178037256,A-Ateee ğŸ™ƒğŸ™ƒğŸ™ƒ
1463102679215849479,Tolja! ğŸ¤­ğŸ¤­ğŸ¤­
1463107049697738752,Manifesting endgame ateğŸ€ğŸ€ğŸ€ğŸ€ğŸ€ğŸ€ğŸ€ğŸ€ğŸ€ğŸ€ğŸ€ğŸ€ğŸ€ğŸ˜­ğŸ˜­ğŸ˜­
1463108191357583368,ğŸ¤ğŸ¤ğŸ¤ğŸ¤ğŸ¤
1463084028190363648,"Saan mas magpapalpitate- este magigising, Kopiko 78 or Kratos? ğŸ˜ª"
1463084553694683145,coffee stick!!
1463098024406573059,Ate... kinanta ko uÏ‰u
1102232446400004096,ur my fav notif
1463087429246545923,Me too #LITZOnCETVExclusives
1463088256502099969,ikr
1463243985271783424,Im honestly dont know whats happening to me lately.
1463020779944116228,"BBM not going clean even on his drug testing will always put doubts on his actions. All he must do is go to PDEA and submit himself for drug testing there. Submitting a drug test result to PDEA will not clear all doubts, it only strengthens these doubts."
1463032153839603715,Nothing can ever satiate haters.
1463036132988370946,Nothing can ever satisfy the people than to see the Marcoses paying for the evils they did to the country. They must return all the loot they took and must be imprisoned to give justice to all the victims of human rights viilations during Martial Law.
1463246925826695170,Itsura mo @chickenvcz hAHAHAHAh
1463064440056987648,Nguumpisa n cla oh... ğŸ¤£ğŸ¤£ğŸ¤£ Goodluck n lng.. @imJCAlcantara
1463091327499837446,"So Iâ€™m the same height as Becky G, which shows how tiny Iâ€™ll look beside them ğŸ˜…"
1463092477649244161,"Sheâ€™s wearing 4â€ heels, so sheâ€™s about 5â€5 here? Thatâ€™s me, barefoot. Good size reference hehehe"
1463093452699172865,Youâ€™d make minimini very happy heheheh
1462996484551438338,Burn hahahaha ğŸ”¥ğŸ”¥ğŸ”¥
1463095033649713152,I think that's true
1463088639463026689,social maker or social dummy madalas gamit ko hsshahahha
1463101278314119170,HAHAHHAHAAH SIGE ENJOYğŸ˜­ğŸ¤š
1463099291057094657,Following this thread haha
1463245200617136129,pogi mo talaga vjvjvjvjv
1463243851619917826,my october month is full of blessings like God is so good talaga huhu ğŸ¥ºâ¤ï¸
1463114688162459654,"sobrang effort, nakaka-iyak"
1463115208243564544,diba parang nakakaiyak ung message
1463105459930341378,"[ğŸ† MAMA 2021] TIKTOK FAVORITE MOMENT Teumes the voting for TikTok Favorite Moment is now open, TREASURE's BE WITH ME (Halloween Ver) has been nominated. âœ… You can vote 2X/day by voting and by sharing the voting page ğŸ”—vt.tiktok.com/ZSeS1Y1Xs/ @treasuremembers"
1463225858412347395,"Same, I can't vote. Why is that? :("
1463245123249074176,nakakagutom talaga
1463153969329549315,"movie date, coffee date, ukay date ğŸ¥ºğŸ¥ºğŸ¥º"
1463169205205884931,YES PLS
1463111671258365953,Hehe ğŸ˜³ğŸ˜‰
1463107156069158912,"Date, like eat outtt"
1463153756414132226,GGGG I WOULD LOVE THATT
1463106490483445761,Datee!!
1463129567506227201,...ğŸ˜¶
1463238793226452994,bago mo sabununtan check mo muna hoonie #5GSpace
1463239566735798273,onyonyonyo 2g nawala nanaman
1463239900463972352,tita jin do â€œwelcome to Philippine Airlinesâ€ #5GSpace
1463240110065864705,MAGIC LAND TITA JIN?? #5GSpace
1463240192014225408,omg i miss enchanted kingdom!! ğŸ˜­ #5GSpace
1463245285652512770,"â€œate, ate i need-â€ â€œWHAT DO YOU NEED?!â€"
1463247668163977220,"â€œgrabe talaga yung grammy, napaka r4c1st (?) , and they used BTS for clout chasingâ€ very true #5GSpace"
1451115160295206916,gagi bold
1471977895023185920,loveu
1463053125741256709,LOOK: Presidential aspirant Bongbong Marcosâ€™ cocaine drug test showing a negative result. | @RexRemitio
1463247119398019077,"I know it's audacity i just changed it into ACIDITY, Coz you know, Leni supporters are Macm"
1463245611407339520,ganon talaga
1462993368951128065,LOOK: Atty. Vic Rodriguez submits drug test result of former senator and presidential aspirant Ferdinand â€œBongbongâ€ Marcos Jr. to law enforcement agencies. Rodriguez said Marcos tested negative for illegal drug use. | via @llanescajourno Photo: Marcos Jr.'s camp
1463244854155448322,SAMEDT FEELSSSSS HUHUHUHUHU. BEST YEAR TALAGA NUNG 2018 HUHUHUHUHU
1463244707404734469,Omg I feel guilty talaga
1463243734233927683,Awit talaga tong grammy nato ğŸ¤¦â€â™€ï¸ğŸ¤¦â€â™€ï¸ğŸ¤¦â€â™€ï¸
1463244630472810496,Shet talaga nasa maling bansa talaga ko e!!!!!
1463244884790239234,istg i'm gonna cry talaga huhuhu aaaaaaaaaawwwww
1463245034136866820,"One of the biggest lesson Iâ€™ve learned this 2021 talaga is that no matter how you planned your life, if itâ€™s not Godâ€™s will then it will never happen."
1463244557575856128,Cutie talaga ğŸ˜
1463338057675927555,LOUDER!!!
1463247518901235712,especially module 5
1463066069229522949,ğŸ›’ what was my layout when we became moots?
1463085698517401600,2st ate
1463088653966913537,Yes pooğŸ˜ŠğŸ˜Š
1463090024992284675,hala i mean 1st ate ğŸ˜­
1463091040802328576,2st ate typooo
1463238729405849600,PUTANGINA MO THOMAS NAUULOL TALAGA KO SAYO
1463241428109492224,*he's talaga 'yon putsngns
1463245609394061313,HAHAHAHAHAH IHHH RAWR K
1463246015452962818,PASAY ALLSTAR
1463242420015878144,Abuso! Trapo talaga! ğŸ˜¡
1463241789280702470,morning ghorl #scammys talaga x.com/missvirkoo/status/1463â€¦
1463089551719600135,ayy malungkot to ahh
1463224785459363840,tang ina sarap mo ah? kainin kita?
1463246624700833793,Biglaan gala talaga dabest
1463242276390391808,Which causes three laceration on her back
1463241996122746881,Shutangina talaga!!! HAHAHAHAHA!!
1463245676930748418,nakakaiyak nalang talaga oh
1463244947545485318,haha... walang gising talaga
1463242176264036362,Every exam talaga nasisira schedule ko tang ina kaseng timezone yan
1463310620757950465,Jampawlo paladissition ğŸ˜‚ @SB19Official #SB19
1463239324363735040,masakit talaga realtalk.
1463243826839973893,Eto talaga yon hahahahahaga ğŸ¤¡ tayo
1462484521018744832,"361 â€” san, where?"
1462484649100275714,362 â€” telepathy
1462484895381393408,363 â€” what i mean all
1462485028823207936,364 â€” halatang fishy
1462485271207813122,365 â€” k/b/v
1462485369434238976,366 â€” memories
1462485536627511296,367 â€” last checks & finalization
1462485984419876866,369 â€” order
1462486127839887360,"370 â€” here, coffee"
1462486580719874051,371 â€” pagitnaan
1462486815592517638,372 â€” mr.
1462486939437699075,373 â€” luiz kalma ulit pls
1462487078592147459,374 â€” highclass squad
1462487271425204226,"375 â€” hammer, montero, tesla, range rover"
1462487443538538500,"376 â€” mercedes benz, jeep wrangler, bmw, gixxer 250"
1462487663202631680,378 â€” traffic zone
1462487851124203522,"379 â€” stop over, stop over"
1462488166145748996,380 â€” alex best boy
1462488396471799809,381 â€” alex masaya
1462488632787292160,382 â€” moca chikas
1462488848160591874,383 â€” beside
1462848328085872649,"384 â€” elias & luiz, unang byahe"
1462848603085438978,385 â€” sure
1462849188010422274,386 â€” kahit ano
1462849556006146048,387 â€” the vibe of bmw
1462849798638223367,388 â€” self meme
1462850065706356736,389 â€” touchdown
1462850300188893186,390 â€” peace & calm
1463238517820051457,391 â€” resthouse
1463238711781445632,392 â€” someone
1463238945005658112,393 â€” important
1463239221427146753,394 â€” mami vien ikalma mo
1463239401790590977,395 â€” introduce properly
1463239702639570952,396 â€” mami vien talaga
1463239879869943808,397 â€” bulakballs & kor
1463239489619312641,nasa huli talaga pagsisisi ğŸ¤¦ğŸ½â€â™‚ï¸
1463237169032548353,tangina mababaliw talaga
1463225079366512640,Isa talaga akong clown ğŸ¤£
1463240014288994307,Dami ğŸ˜­ nagkasabay-sabay talaga ğŸ˜¦
1463238094929334272,Bby
1463239459156025347,I'M SO SICK OF THESE MOTHERFUCKERS. YOU CAN ALL GO TO HELL AND JOIN BEETHOVEN ğŸ”ª THE FUCKING DISRESPECT.
1463243405635760128,Sarap magka ate talaga. ğŸ˜­
1463074988127182851,â˜½ 94 no pressure resi ğŸ˜Œ
1463240133038149634,â˜½ 96 lakas talaga clae-clae
1463242987144581120,â˜½ 97 gague clae-clae ğŸ¤£
1463245781213736960,â˜½ 98 aaaaaayyyyy ğŸ‘ğŸ‘„ğŸ‘
1463288325322600456,â˜½ 100 naks naman candresi ğŸ˜‚
1464303545599946752,â˜½ 101 cutie mo clae-clae ğŸ¤£
1464315927902621697,â˜½ 104 ğŸ“ˆ junjun's mood ğŸ“ˆğŸ“‰ğŸ“ˆ
1464909779780849667,â˜½ 109 shutacca talaga mageni ğŸ¤£
1464913940836614147,â˜½ 110 taena mage HAHAHAHAHAHAHA
1463237863898640388,sumpa ke talaga ing kape nayta
1463093119071645699,Pinagsasabi mong tiktok. Haha! Epal
1463234775334801410,hirap maging christian talaga
1463234962811867136,ah talaga travel around the word?
1463240985987588096,Laptrip parin talaga to e hahahahaha
1463154262607814674,"WATCH | Pres. Rodrigo Duterte's pre-recorded ""Talk to the People"" invidious.tiekoetter.com/watch?v=VtAVy1SDâ€¦"
1463162991424286723,Pres. Duterte: I am very pleased to inform the entire nation that we continue to beat covid-19. The positivity rate is down from 3.4% on November 18 to 2.3% today. (via News5/Maricel Halili)
1463243556542312449,*mawawala
1463128516795375619,I call this Monkey-Monkey Lower Abs Exercise. ğŸ˜…
1463328158329966592,Separate Kumu live nila dati. So Iâ€™m not sure if narinig nang isaâ€™t isa.
1463237308090499074,MAHAL KITA SO MUCH TALAGA BABY
1463240997807083522,tf #scammys talaga
1463237737750798345,mayda talaga nak nacconvert everytime magstory ak kan yeonjun HAJSHSJAHAHA i'm doing my job well ^__^
1463126307273789444,drop @ for a direct. will do it later on my study break.
1463232296765440001,Yung
1463237338503409664,Ganun talaga huhu
1463229784532520962,I wasnâ€™t expecting much as I know that #GRAMMYs will really snub @BTS_twt like what they did last year. They are only using them for clout. Gotta believe Eminem when he said its all money and a total BS.
1463239096818561025,GOOD MORNING TALAGA ğŸ˜
1463176794551562245,hoi gagi anong 3am yung show?
1463206634541387776,GHOOORL @nine_monster
1463237081740636162,OMAYGAD
1463242335374823428,"and i cant believe it, FIRST TIME??? A BLASPHEMY TO THEIR FORMER WORKS, I SWEAR!!!"
1463238083952795649,so it turns out blondie is credited for sour too... the power of this woman talaga
1463236194196606976,Aga ko talaga nagising
1463235210737184773,HAHAHAHAH ME 2 AWNESTLY
1463235465838874625,IT WAS SO FRUSTRATING WHEN THAT ONE PERSON STARTED TO TRY AND INVALIDATE TANNIES ğŸ˜•ğŸ˜•
1463201061842214918,"Doc, itâ€™s also weird because I remember, SamBer nominated Voldemort because of how he was meddling with KD and Anji that one time."
1463237740527427585,ganda nyo talaga ğŸ˜­
1424932637483802630,203.
1424932668110635011,204.
1424932723123126276,205.
1424932783432953863,206.
1424932824256192512,207.
1424932860763381762,208.
1424932889171349504,209.
1424932935275192321,210.
1424932998869184520,211.
1424933041080700936,212.
1424933101038280711,213.
1424933130348023812,214.
1424933161201377284,215.
1424933182369984514,216.
1424933231376310280,217.
1424933261629825024,218.
1424933323059515393,219.
1424933347545939969,220.
1424933394908016646,221.
1424933442685325313,222.
1424935069156712448,223.
1424935118649511937,224.
1424935145279086597,225.
1424935179236171776,226.
1424935216162885632,227.
1424935256042262532,227.
1424935298497093635,228.
1424935358647607297,229.
1424935518882738208,230. next day.
1424935659899432972,231.
1424935796088483847,232.
1424935830494359555,232.
1424935904829972480,233.
1424936042591924238,234.
1463240448613359617,GAGO PARA PARAAN TALAGA
1463236272093208578,Vote niyo â€˜yung panong ğŸ˜­
1463236412371714049,Pangarap ko talaga makatulog ğŸ™
1463236622787366914,ğŸ¥ºğŸ¥ºğŸ¥º
1463236230972248066,ANO NANAMAN??????!?!
1463236960101679105,pogi talaga ğŸ¤§
1463238137665056769,HHAAHHA
1463301116259487751,mine payooo
1463241107655987202,umagahan talaga
1463234353417306113,ASSUNGERA TALAGA SARAP SAPAKIN
1463238939859251201,potangina ruin 1 talaga start
1463238015673716739,Basag talaga muka
1463244801977946112,sino nanaman yan enaka
1463225733443063811,blessing our moots with this thread ğŸ˜®â€ğŸ’¨ğŸ˜®â€ğŸ’¨
1463232932764536835,Hooooy yawaaaa talagang K-drama pala talaga to. Hahahahhahahahahahah
1463226130614218753,"well deserved, congrats!!!"
1463231832204328961,Eto talaga sagot guysâ˜ºï¸â¤ï¸
1463231851896524805,archiveofourown.org/works/35â€¦
1463232376620740616,"This was it. This was his last chance. If he doesnâ€™t succeed, itâ€™s all over. As sweat dripped down the side of his forehead, Sehun, closed his eyes and took a deep breath."
1463232390562680833,"Junmyeon rolled his eyes before handing the attendant a hundred peso bill to try the game, just to show his boyfriend that no one ever really wins the game."
1463232396380106752,"Enjoying himself and the luck that he had, Jun spent a few more hundred pesos on the game, winning a number of stuffed toys."
1463232401363005440,"Later on that night after bringing Junmyeon home, he found the stuffed toys that Junmyeon won on the back seat of his car, when he had thought that Jun brought them home."
1463232404626104322,"He was about to call Jun when he saw a note. He read it as he picked it up. â€œPara kay Sejâ€, it said. Se smiled."
1463236286324817920,fav month ko talaga march
1463231786108874752,Mabalik talaga akong cod pag summer
1463233143079505920,YES OMG HAHAHAHAHAHAHA
1463244353342607363,grabeeeeeee huhuhu paurong talaga tumanda
1463232085515112450,Still have 7:30 exam tomorrow and here I am wide awake
1463231716898660363,grabe talaga sparks neto ğŸ˜©
1463235496692240388,Titi. Period.
1463240432347877377,papalarin yan ateeğŸ¤ #SB19xDunkinPH #MerryMunchkin @SB19Official #SB19
1463229496757088256,HAHAHHAHAHAHAHA AMPOTA TALAGA
1463242417386115074,Milano whomstve
1463344646470332420,Loko hahahaa
1463351142444720128,TikTok pel wen
1463241979735646217,BASTA KASE TWO FRENCHMEN NALANG HAHAHAHAHHAH
1463235371349655561,ETO TALAGA MINAMANIFEST KO NOON PALANGğŸ¥µğŸ˜­
1463235240604749825,Clickbait eh ğŸ¤·ğŸ»â€â™‚ï¸
1463234269329776640,char akala mo naman talaga afford
1463234155110539264,GANDA NUNG HAMPAS TANGINA TALAGA
1453886510827143170,it's actually ballpen
1463307104576442369,ğŸ™‚ğŸ™‚ğŸ™‚ğŸ™‚ğŸ™‚ğŸ™‚
1463305574301458444,ğŸ˜­ğŸ˜­ğŸ˜­ sayang talaga i hate it here hahaha
1463236979496079360,sleepwell talaga
1463069896519176193,Backstage warm-up #MyUniverseAMAs. GB x
1463235708835958785,HAHAHAHAHAHAH TE INDAY BAKEEET
1463232233414692867,Potaaa.. Sarap mo talaga... More â¤ï¸ğŸ’¦ğŸ’¦ğŸ’¦ğŸ’¦
1463230555839860736,magtigil talaga ko jusq
1463805654188052487,"ğ€ğ§ğ  ğ›ğ¨ğ›ğ¨ ğ¦ğ¨ ğœğšğ«ğğ¨,ğœğ ğ®ğğ¨ ğ¤ğšğ¢ğ§ ğ¤ğš ğ§ğ  ğ¤ğšğ¢ğ§ ğ§ğ  ğ©ğ¢ğ§ğ¤ ğ§ğš ğ¥ğ®ğ ğšğ°,ğ¤ğšğ²ğš ğ¦ğ ğš ğ²ğğ¥ğ¥ğ¨ğ°ğğ¬ ğ¦ğ ğš ğ“ğ€ğğ†ğ€,ğŸ˜…ğŸ˜…ğŸ˜…"
1463230222422081536,IYAK NAMAN TALAGA TEH
1463230504342228994,What the actual f*ck? JÃ¼$tin bi3b3r having that 8 nominations? For what??? Taenang yan oi ano yon? Scammys talaga buset. His latest releases are mostly trash ano yun? Wtf talaga
1463234531389964291,"It's already past 3 am, what do you expect ğŸ˜­"
1463234688152080389,ğŸ§ğŸ»â€â™€ï¸ğŸ§ğŸ»â€â™€ï¸ğŸ§ğŸ»â€â™€ï¸ğŸ§ğŸ»â€â™€ï¸ talaga?
1463234928175316994,HAHAHAHAHAHA
1463229968171745282,daniel padilla parin talaga pinaka ideal guy hays
1463230200821411844,nagugutom talaga ko
1463231541035749377,HAHAHAHAHAHAHAHA ig worthy neman gewa mu ale
1463235200268189697,manifesting irate customers for Alex please. HAHAHAHAHAHA
1463235499280125954,goodluck ale
1463231589517725698,Taas kalendaryo puso ğŸ˜­ğŸ˜­
1463231852991291392,HAHAHAHAHA
1463228675726348291,yan dapat ğŸ¤©
1463229357116190722,ganto talaga pag walang kabebe time
1463229447054626818,Same hahahah self love nalang waw
1463205532609642506,IM TRASH.
1463231984558215170,SOBRANG HONESTğŸ˜­ HAHAHAHA
1463233993160425472,ğŸ¤¡ğŸ¤¡
1463230508909752320,Finally eating Filipino food again
1463232084332343296,Good night naman talaga...@keun16308352 @SB19Official #SB19
1463233586560376832,Paplastic talaga!
1463231852089544707,hahaha nakakatuwa talaga laruin @UnpackingALife ğŸ¥°
1463236064202665989,HAHAHAHAHAHAHAHAHAH JEON PARANG WALANG KAMU NAKAKALOKA HAHAHA
1463247568565981184,Parang tanga HAHAHAHAHA
1463156837046489091,Something sensible from the Senate.
1463231283568386050,Lrt. OMG TALAGA
1463249824220860425,Mananalo san?
1463231865620287493,anong tiway ğŸ¤¨
1463230435622748165,TANGINA MO
1463230832118665221,"Follow back kita mamaya, BC aq."
1463230567776874499,TANGENA TALAGAğŸ˜­
1463241589061349380,potangenang twitter to kada open ko may message isa tas wala naman parang tanga ampota.
1463231146137833472,cravings satisfied ğŸ˜‹
1463231742932889607,POTANGINA ğŸ˜­ğŸ˜­ğŸ˜­ğŸ˜­ğŸ˜­ğŸ˜­
1463231922448973824,SALUHAN MOKO HDHWHAHSJDJEKAJD
1463232041214824453,BAKIT NAAMOY KO ğŸ˜­ğŸ˜­ğŸ˜­ğŸ˜­
1463002425376194565,You deserve all the love we give @chiefilomeno!!! CHIE you on SHOWTIME
1463229363013443604,acceptance.
1463161428496506894,"""Threat"" to public health."""
1463223300218257409,Itâ€™s how he deliver his words not so Presidential.
1463235517466644481,parang hahanginin nanaman yung pera koğŸ™ƒ
1463230008449634304,nakakaloka talaga tong grammys shuta
1463237455532859394,Awts
1463235215426347008,pake namin
1463230248015646722,WAG NAMAN SAD SPACE #5GSpace
1463230372754309120,nakakatakot pala maging malungkot ?? #5GSpace
1463231866798940160,"mommy mochi family problems :"")"
1463233427960827905,pag 2g daw old school HAHAHAHAHHAHAHAH #5GSpace
1463234972861435904,onyonyo language by hoonie #5GSpace
1463554659595948034,ay
1463910227204472832,hahahaha
1463239249264726017,"""Tell me something""I should say âœŒï¸"
1463235789932826625,parang tanga naman
1463201767596855297,LARA ğŸ¤²
1462964118101512201,"Get ready for a new level of joy with the Jollibee Chickâ€™nwich! Crunchy, juicy, and delicious - a new level of chicken sandwich. Try it now!"
1463126867309858825,Just to show how far is Ususan Taguig from ST Lukes BGC (17 minutes drive)
1463175803139764235,Research muna bago putak! ğŸ¤®ğŸ¤£
1463234219925073924,rumour about enha's new hair colour : uwon : ğŸ¤·ğŸ»â€â™€ï¸ hee : ğŸ¤·ğŸ»â€â™€ï¸ jay : blonde jake : blonde hoon : ğŸ¤·ğŸ»â€â™€ï¸ sunoo : dark colour riki : dark colour
1463241152916647937,"eyebags so deep, might as well cosppay itachi HAHAHAH CHOZ"
1462988190344646658,hahahaha parang ganito naiimagine ko ğŸ˜‚ğŸ˜… queen thing!
1463232690166009864,Hahaga super cute parang may meeting de abanze or marvels group
1463241127385964547,hahahahahahhaa </3 â™¥ï¸ jaehyun basang sisiw sparks parang fireworks ğŸ†
1463230992064270337,npakasoaper ğŸš©ğŸš©ğŸš©
1463229506148126721,POTA PARANG WALA AKONG PASOK MAMAYA AAAAAAAHHHHGG!!
1463230391569956874,WE'RE SHARING THE SAME ENERGY HAHAHAHAHAHA
1463230573929893889,YES BESTIE AHAHAHAHHHA
1463230888133607427,kaduda-duda ğŸ¤” parang may kasabwat somewhere ğŸ™„ğŸ˜’ğŸ˜
1463228767795515393,Charot. Hahahaha.
1463235350109716484,Yass sweet girlğŸ¥° parang totoo haha
1463235887035138052,My current skincare âœ¨
1463236127029030915,"I need to protect myself from the radiation caused by gadgets from online selling, gotta have this!âœ¨"
1463236465953939460,"Need to deliver orders, gotta stay safe & protected with these face masks! ğŸ’–"
1464178722127298562,where ever i go.. im proud BBM is my presidentğŸ˜
1463495138408230915,ilovemarcoses...BBM is my president 2012
1463390026465972224,+ Law Professor ğŸ˜
1463244413014974464,WEREWOLF KO YAAAN HAHAHAHAH
1463244612353413120,ginawa mong halimaw ğŸ˜­ğŸ¤£
1463230159973228546,ğŸ˜ğŸ˜‡
1463296520288100353,May binanggit bang FAKE FORMS?
1463232260149186562,Napaka Good News talaga on how the Philippines gradually is improving!Thank You to PRRD Govt and to All of the Filipinos who are vaccinated. Hopefully to inspire MORE FILIPINOS to Trust the Covid Vaxx & get Vaccinated SoonğŸ‘Œ #UniTeamMarcosSara â¤ï¸ğŸ’š UNITED LOYALISTDDS
1463339060206858246,me likey likey! ğŸ¥ºğŸ˜
1459030778718068736,Presidential aspirant Bong Bong Marcos visits Batangas. @gmanews
1459142055272144904,Hakot yan halata naman. Meron pang uniform.
1463228400303235072,facebook.com/100068916608740â€¦ SOCA PARANG FETE ...
1463224224856690691,NAROBBED ULIT TAYO PUTCHA
1463223438118572033,Bigla kong namiss kumantot. ğŸ¥²
1464317437709414403,â¤ï¸â¤ï¸â¤ï¸â¤ï¸
1463225583261786112,all the things i did~ HAHHAHAHAHAHHA
1463208770771718145,gastos nanaman sebong ğŸ˜­ pinaiiyak nyo yung bulsa ko
1463212003644764161,I need this to be my alarm!
1463224486581309440,Wahahahahaha
1463224762528796676,"Like if I hear Daddyâ€™s Home, Iâ€™ll jump out of bed to login for work even if Iâ€™m sleepy. ğŸ˜‚"
1463225592879280128,"Parang pag narinig ko yun, pakama palang me, chour."
1463368234787164163,Haha supportive naman to
1462441983440424966,"New book, new DP ğŸ’–"
1463223256597807104,Nihon Chinbotsu ep6 this is getting scarier and scarier ğŸ˜±
1463223271361761280,ğŸ™ğŸ™
1463208457088253970,itago mo nalang yan sige~ godbless :')
1463217303672156161,"TMI: I rarely watch local teleseryes ever since I've been into kdramas. But with #ViralScandal, it's just too intriguing to ignore. Plus Dimples Romana and Charlie Dizon's acting gets me goosebumps everytime."
1463218320828624900,"It's actually my first time watching Charlie's acting coz i wasn't able to watch ""Fan Girl""/her other works but girlie made my jaws ache from forming too much ""O""."
1463221104395407365,goku kukunin kona walong dragondballs
1463221168823955456,goku nmn may uaasapan us dba
1463223081221038082,"Parang iba ata feeling ko rito, parang.... âœ¨Scamâœ¨"
1463222195119800328,DONIAH | DONMIAH layarg!! Char fuu.
1463219968137334786,Parang nakatambay laang
1463222144293212163,JWHEJKSHAHDH bak8 gani2 rold ğŸ˜­ğŸ˜­
1463219080442175495,unmute <3
1463221288319606785,babasahin b 2 parang d nman
1463219849098784771,"anyways, congrats bts."
1463219599172800515,YSGHHAHAHAHHAHAHAHA
1463362167411855360,tagal naman iship hays
1463220454483628032,"reading the theories of nctzens is like parang research activity tpos aq wlang ambag,.,.,.,., ganda lungs ajajaja"
1463220126086434819,tru bhie <3
1463214886385643522,The gummys should be thankful 875 are making them relevant. But when they get tired of their bull sh**s i swear to God youll be the most irrelevant piece of **it.
1463217146884931587,Dika naman gakit nyan....
1463148031977541641,"For our incoming Stanworld Twitter voting, you might want to check your accounts and see if you are Shadowbanned or not. Thank you! Here's the link: ğŸ”—: shadowban.eu @SB19Official #SB19 #Bazinga_SB19"
1463205438376267782,Get well soon
1462867314521501700,Wag ngyon reddskieee ğŸ¥º
1463217132397731848,parang tanga ampota
1463192791409098752,Kenneth natin maharot @SB19Official #SB19 #Bazinga_SB19
1463204659812872205,BTS deserved a main category nom but anyway
1463212337809133568,"Rivaldo Todd Ferre resmi tidak akan berlaga sampai akhir musim, setelah Komdis PSSI menjatuhkan hukuman satu tahun larangan bermain kepada Ferre. ğŸ˜³ Hal itu diakibatkan karena Ferre melakukan protes keras saat Persipura takluk atas Bali United. goal.com/id/berita/pemain-peâ€¦"
1463219964538621953,Protes sambil bawa parang kah ? Sampai harus dihukum 1 tahun...
1463219939930611715,plssssssssdsddssd
1463217509469876230,As greatly elated I was for their being a two time nominee for this award show I still can't help but feel tremendous anger for scammys bs of not giving BTS the nominations and award that these incredible artists truly deserve ğŸš©ğŸ—‘ï¸ğŸ”ªğŸ”ªğŸ”ª
1463216060799148037,William Agapito
1463221785806008321,tamajayo
1463219268720467968,We're gonna pretend that alone is here ğŸ˜
1463214643267072000,Parang first time ko ulit makahinga haha
1463216983739015170,parang want ko magpalasik...
1463212685026217984,THEY'RE ACTUALLY SPEAKING FACTS THO #Grammyspace x.com/i/spaces/1dRKZlonNLMJB
1463213780205146117,I'm listening too! And I'm entertained as long as they don't talk shiz about the boys ğŸ˜ƒ
1463214210570092545,yes ! also they be spitting facts
1463214399141777414,Yes! But the chipmunk voice lmao ğŸ˜­
1463214618176745473,Nate's literally pissed HDJAJAAKKANAKAN
1463215861817167873,parang i want wonie pc????
1463216482960101380,parang bet ko to
1463217396471140353,LUH PARANG TANGA
1463220135053852675,Hahaa
1463221658928525322,Aba bat gising kp
1463360990867722242,Mass report talaga grammy hahahhaha
1463213154914091008,Long thread lul
1462045428803719175,Whatizdiz acting??? ğŸ¤£ğŸ¤£ğŸ¤£ #GoldenBlood
1462066151836377088,That flying punch...I've seen that on Advance Bravely and the Lost Tomb before
1463135945817919491,Some actors really need to go through movement classes. They'd benefit so much from being aware of their own bodies and its capabilities.
1463171148397649923,These two idiots are so entertaining hahahahahahaha
1463181401658851331,What's up with the Avengers-type music???
1463188448739663877,Why happy music when the scene was clearly sad? Who the fuck edited this series?????
1463210380000305158,"You know you shouldn't be raising a heplocked hand like that, right? Geez...people! Attention to detail, people!"
1463220808268976129,They don't enjoy kissing each other...obvious eh..
1463223162137501698,There was no care given to how the love scene was going to be handled. That's not how 2 men fuck. I'm a woman and even I know the logistics. Sheesh...
1463225922421596160,"Honestly, the script seemed good, and if it was handled with the same care as Lovely Writer or A Tale of a Thousand Stars, Golden Blood would've been awesome. But bad acting and poor attention to detail can truly make or break a series, and this is no exception."
1507179279754268675,"Rather than watching #GoldenBlood, just watch #WhereYourEyesLinger. It's clearly the more superior of the 2 dramas. It has a better script, better acting, and better-looking leads, hahaha!"
1463209142194040840,should i change my layout or nah?
1463225500353142791,HAHAHAHAHAHAHAHAHA
1463476922067812352,Again - thank you @UrbanEscapesPH For the affordable and quality experience! Try Matteo and Jomar (10/10 for both) Go and visit them now!
1463212698603524096,I set my expectations really low this time. But damn it. Im disappointed
1463213628174209028,MOOD
1463210988245696512,2:00 am thoughts dali
1463212817687867392,deserve hahahahahahahahaha
1463214362533892097,parang
1463212221329141760,MAMI HAHAHAHAHAHAHAHAHAHA
1463217045726646276,Grabe kana kay hee te naevisğŸ˜”
1463214022392619013,Army: galit James Corden:ğŸ’œğŸ’œğŸ’œğŸ’œğŸ’œBTSğŸ’œğŸ’œğŸ’œ Parang tanga
1463216419957456896,mukang wtf ampota punyawa
1463248588088037376,Wts lfb twice lightstick cbz version 2 ph full cod
1463241462645022720,Tanginang yan HAHAHHAHA wag naman ganon
1463213113952522243,aralin panlipunan be like: baket parang kasalanan kopa
1463271682391506948,Me : kasalanan mo talaga
1463204566044844035,you're saying butter isn't nominated for SOTY????ROTY???????????
1463248054337761287,ğŸ§ğŸ»â€â™€ï¸ğŸ§ğŸ»â€â™€ï¸ğŸ§ğŸ»â€â™€ï¸
1463248129839419395,ayy parang tanga yuns
1463171673507696649,"this day has been so tiring. i'm glad that it's almost over now. anyway, good evening."
1463184961431691267,"you did well, sai. good eve!"
1463185782907097090,"thank you, zayle. how is your night so far?"
1463187899625529347,that's great! sending my congratulations to your friends. today has been productive so i feel good. and i'm currently resting so you don't have to worry about that.
1463188794257985542,i don't know if i'm qualified to give advice about that... i usually just force myself to do whatever i have to do. ğŸ˜‚
1463211961726898176,TAMAH
1462992637795844101,"LOOK: Presidential aspirant Ferdinand â€œBongbongâ€ Marcos Jr.â€™s chief-of-staff Vic Rodriguez submits drug test result of the former dictatorâ€™s son and namesake to NBI, PDEA. (ğŸ“¸ Marcos camp) | @DYGalvezINQ"
1463160506622042119,ğŸ¤¡
1462931924167626754,"And yet, we cannot call the humans Kyle Rittenhouse shot ""victims."" ğŸ¤¦â€â™‚ï¸"
1463213813390471168,karlito be like: bakit parang kasalanan ko? HAHAHAHAHAHHA
1463144362968190976,3 am daw talagaaaa HSJASNAHAHZBZ
1463205325658488832,i just know that the academy wonâ€™t let her win back-to-back but still!!! labyu congrats @taylorswift13
1463239638605172742,I love this conyo Jared since day 1 talaga ğŸ¤­
1460820054627348488,"Peopleâ€™s Streets Emerald Avenue will exclusively be for pedestrians, bicycles, and other light personal mobility devices every Sunday starting 21 November 2021 from 6AM-6PM. Cities for people!"
1463135027147902984,where is hyunjae...
1463213384145408001,lmao
1463108732032745475,Seize the day. POGS ON VIRAL @AljonMendoza_ #AljonMendoza Zzz
1463101716203671558,â€” @HOSH8N album cover â˜†
1463109058190217221,LMFAOOO
1463243017288966145,Kukulit nyo nalang talaga e HAHAHAHHAA
1463237380555481088,WOW SO GALING TALAGA IANNE <//3
1463189508141182977,Emz vote for bts!!! billboard.com/music/awards/gâ€¦
1463038415222435845,THE AMOUNT OF TIMES I REPLAYED THIS......I'M DIZZYDLKHSAFKHDSFHKJDSFKDSJFNDS
1463231410408407075,try ko den hihi friendsforever.world/fr/syncâ€¦
1463232130801188869,OMG BESTIE TALAGA KITA ğŸ˜­
1463230038871093252,Naka tatlong mall tuloy ğŸ¥´
1463158077927018496,not me overthinking this ğŸ˜­
1463158751872094222,today's tuesday bestie ğŸ˜­
1463229184843542530,Bonakid ampt.
1463224381874716672,Of why im still here. Why i keep on supporting these talented men who know nothing about me. Why they're making me happy. Why theyre making me feel like there's hope for my dreams. Why they make me feel inspired. Why theyre making me feel alive.
1463229801120944130,otw mie
1463224606571958282,Parang babagsak katawan ko anytime hahahshahahahahaa
1463364197438279685,"yessss ate char, pang clownğŸ˜­"
1463224721877598208,ano meron???
1463228160934219781,"aww kyle, parang tatay naman to"
1463227988497997828,He is the sweetestttt
1463226538443247617,But you're always prettyyy
1462734092756082693,"i started collecting a year ago and each pc gave me endless comfort during a time when nothing felt worthwhile so letting most of them go was so difficult for me..,,.. but doing so also made my wildest dreams come true aaa see you on our spring day @BTS_twt ğŸ¥°ğŸ¥ºğŸ’«"
1463142569433468931,How to â€œBuyâ€ votes the legal way. #Halalan2022
1463211815480049668,kulang yung albums ğŸ¥² /hinimatay
1463212944515166216,GAGI NEJDJSSJSJ PARANG KANJNA LANV PINAGUUSAPAN NATIN....
1463213592090583044,SOBRA
1463225996648329224,Translation ğŸ˜­ğŸ˜­ğŸ˜‚ğŸ˜‚ please
1463226315788603393,Ohh.. haha sorry.. i said twitter is like a therapy for me today.. because iâ€™m so disappointed with the grammy nominationsğŸ¥ºğŸ¥º
1463158771354681370,BoangğŸ˜‚
1463234793420689414,Not yet so may balak talaga lagyan HAHAHA
